{
  "Total" : {
    "transaction" : "Total",
    "sampleCount" : 7485,
    "errorCount" : 18,
    "errorPct" : 0.24048096,
    "meanResTime" : 3024.1132932531764,
    "medianResTime" : 1890.0,
    "minResTime" : 370.0,
    "maxResTime" : 25548.0,
    "pct1ResTime" : 6727.400000000001,
    "pct2ResTime" : 8721.399999999998,
    "pct3ResTime" : 13815.840000000002,
    "throughput" : 24.312999415318654,
    "receivedKBytesPerSec" : 42.1008096973868,
    "sentKBytesPerSec" : 193.36509746719287
  },
  "token-gen-1" : {
    "transaction" : "token-gen-1",
    "sampleCount" : 1,
    "errorCount" : 0,
    "errorPct" : 0.0,
    "meanResTime" : 1570.0,
    "medianResTime" : 1570.0,
    "minResTime" : 1570.0,
    "maxResTime" : 1570.0,
    "pct1ResTime" : 1570.0,
    "pct2ResTime" : 1570.0,
    "pct3ResTime" : 1570.0,
    "throughput" : 0.6369426751592356,
    "receivedKBytesPerSec" : 0.5088077229299363,
    "sentKBytesPerSec" : 0.4758409633757962
  },
  "token-gen-2" : {
    "transaction" : "token-gen-2",
    "sampleCount" : 1,
    "errorCount" : 0,
    "errorPct" : 0.0,
    "meanResTime" : 1867.0,
    "medianResTime" : 1867.0,
    "minResTime" : 1867.0,
    "maxResTime" : 1867.0,
    "pct1ResTime" : 1867.0,
    "pct2ResTime" : 1867.0,
    "pct3ResTime" : 1867.0,
    "throughput" : 0.5356186395286556,
    "receivedKBytesPerSec" : 4.3278404525977505,
    "sentKBytesPerSec" : 0.41897512720942687
  },
  "transaction" : {
    "transaction" : "transaction",
    "sampleCount" : 7483,
    "errorCount" : 18,
    "errorPct" : 0.24054524,
    "meanResTime" : 3024.4622477615876,
    "medianResTime" : 1892.0,
    "minResTime" : 370.0,
    "maxResTime" : 25548.0,
    "pct1ResTime" : 6727.6,
    "pct2ResTime" : 8722.599999999991,
    "pct3ResTime" : 13815.96,
    "throughput" : 25.069264605870153,
    "receivedKBytesPerSec" : 43.39222818353362,
    "sentKBytesPerSec" : 199.42795847599442
  }
}