{
  "Total" : {
    "transaction" : "Total",
    "sampleCount" : 105486,
    "errorCount" : 1303,
    "errorPct" : 1.235235,
    "meanResTime" : 2163.99300381094,
    "medianResTime" : 1497.0,
    "minResTime" : 124.0,
    "maxResTime" : 36511.0,
    "pct1ResTime" : 3604.9000000000015,
    "pct2ResTime" : 5179.9000000000015,
    "pct3ResTime" : 10791.900000000016,
    "throughput" : 174.4582394083179,
    "receivedKBytesPerSec" : 301.02539506649725,
    "sentKBytesPerSec" : 1387.4644079405987
  },
  "token-gen-1" : {
    "transaction" : "token-gen-1",
    "sampleCount" : 1,
    "errorCount" : 0,
    "errorPct" : 0.0,
    "meanResTime" : 1038.0,
    "medianResTime" : 1038.0,
    "minResTime" : 1038.0,
    "maxResTime" : 1038.0,
    "pct1ResTime" : 1038.0,
    "pct2ResTime" : 1038.0,
    "pct3ResTime" : 1038.0,
    "throughput" : 0.9633911368015414,
    "receivedKBytesPerSec" : 0.7695839354527938,
    "sentKBytesPerSec" : 0.7197209176300577
  },
  "token-gen-2" : {
    "transaction" : "token-gen-2",
    "sampleCount" : 1,
    "errorCount" : 0,
    "errorPct" : 0.0,
    "meanResTime" : 377.0,
    "medianResTime" : 377.0,
    "minResTime" : 377.0,
    "maxResTime" : 377.0,
    "pct1ResTime" : 377.0,
    "pct2ResTime" : 377.0,
    "pct3ResTime" : 377.0,
    "throughput" : 2.6525198938992043,
    "receivedKBytesPerSec" : 21.43256797082228,
    "sentKBytesPerSec" : 2.0748715185676394
  },
  "transaction" : {
    "transaction" : "transaction",
    "sampleCount" : 105484,
    "errorCount" : 1303,
    "errorPct" : 1.2352585,
    "meanResTime" : 2164.0206192408527,
    "medianResTime" : 1497.0,
    "minResTime" : 124.0,
    "maxResTime" : 36511.0,
    "pct1ResTime" : 3604.9000000000015,
    "pct2ResTime" : 5179.9000000000015,
    "pct3ResTime" : 10791.900000000016,
    "throughput" : 175.06962355151478,
    "receivedKBytesPerSec" : 302.07132172771384,
    "sentKBytesPerSec" : 1392.3505998081412
  }
}