{
  "Total" : {
    "transaction" : "Total",
    "sampleCount" : 7406,
    "errorCount" : 12,
    "errorPct" : 0.16203079,
    "meanResTime" : 1706.6706724277599,
    "medianResTime" : 1701.5,
    "minResTime" : 355.0,
    "maxResTime" : 5431.0,
    "pct1ResTime" : 2872.0,
    "pct2ResTime" : 3295.2999999999993,
    "pct3ResTime" : 4042.790000000001,
    "throughput" : 17.68200093590931,
    "receivedKBytesPerSec" : 30.628164308340338,
    "sentKBytesPerSec" : 140.62736420809418
  },
  "token-gen-1" : {
    "transaction" : "token-gen-1",
    "sampleCount" : 1,
    "errorCount" : 0,
    "errorPct" : 0.0,
    "meanResTime" : 1529.0,
    "medianResTime" : 1529.0,
    "minResTime" : 1529.0,
    "maxResTime" : 1529.0,
    "pct1ResTime" : 1529.0,
    "pct2ResTime" : 1529.0,
    "pct3ResTime" : 1529.0,
    "throughput" : 0.6540222367560498,
    "receivedKBytesPerSec" : 0.5224513570961413,
    "sentKBytesPerSec" : 0.48860059679529105
  },
  "token-gen-2" : {
    "transaction" : "token-gen-2",
    "sampleCount" : 1,
    "errorCount" : 0,
    "errorPct" : 0.0,
    "meanResTime" : 598.0,
    "medianResTime" : 598.0,
    "minResTime" : 598.0,
    "maxResTime" : 598.0,
    "pct1ResTime" : 598.0,
    "pct2ResTime" : 598.0,
    "pct3ResTime" : 598.0,
    "throughput" : 1.6722408026755853,
    "receivedKBytesPerSec" : 13.510203281772576,
    "sentKBytesPerSec" : 1.308071174749164
  },
  "transaction" : {
    "transaction" : "transaction",
    "sampleCount" : 7404,
    "errorCount" : 12,
    "errorPct" : 0.16207455,
    "meanResTime" : 1706.8444084278847,
    "medianResTime" : 1702.0,
    "minResTime" : 355.0,
    "maxResTime" : 5431.0,
    "pct1ResTime" : 2872.0,
    "pct2ResTime" : 3295.5,
    "pct3ResTime" : 4042.8499999999995,
    "throughput" : 18.00229040485702,
    "receivedKBytesPerSec" : 31.16979612934952,
    "sentKBytesPerSec" : 143.20962659957547
  }
}