{
  "Total" : {
    "transaction" : "Total",
    "sampleCount" : 190511,
    "errorCount" : 310,
    "errorPct" : 0.16272026,
    "meanResTime" : 6647.875681719147,
    "medianResTime" : 2624.5,
    "minResTime" : 122.0,
    "maxResTime" : 62559.0,
    "pct1ResTime" : 9704.500000000007,
    "pct2ResTime" : 14847.000000000015,
    "pct3ResTime" : 26259.51000000008,
    "throughput" : 61.356594889500094,
    "receivedKBytesPerSec" : 106.50001639251703,
    "sentKBytesPerSec" : 487.9720384420753
  },
  "token-gen-1" : {
    "transaction" : "token-gen-1",
    "sampleCount" : 1,
    "errorCount" : 0,
    "errorPct" : 0.0,
    "meanResTime" : 2150.0,
    "medianResTime" : 2150.0,
    "minResTime" : 2150.0,
    "maxResTime" : 2150.0,
    "pct1ResTime" : 2150.0,
    "pct2ResTime" : 2150.0,
    "pct3ResTime" : 2150.0,
    "throughput" : 0.4651162790697675,
    "receivedKBytesPerSec" : 0.3715479651162791,
    "sentKBytesPerSec" : 0.3474745639534884
  },
  "token-gen-2" : {
    "transaction" : "token-gen-2",
    "sampleCount" : 1,
    "errorCount" : 0,
    "errorPct" : 0.0,
    "meanResTime" : 353.0,
    "medianResTime" : 353.0,
    "minResTime" : 353.0,
    "maxResTime" : 353.0,
    "pct1ResTime" : 353.0,
    "pct2ResTime" : 353.0,
    "pct3ResTime" : 353.0,
    "throughput" : 2.8328611898017,
    "receivedKBytesPerSec" : 22.889739730878187,
    "sentKBytesPerSec" : 2.215939270538244
  },
  "transaction" : {
    "transaction" : "transaction",
    "sampleCount" : 190509,
    "errorCount" : 310,
    "errorPct" : 0.16272198,
    "meanResTime" : 6647.9323339055545,
    "medianResTime" : 2624.5,
    "minResTime" : 122.0,
    "maxResTime" : 62559.0,
    "pct1ResTime" : 9704.500000000007,
    "pct2ResTime" : 14847.000000000015,
    "pct3ResTime" : 26259.51000000008,
    "throughput" : 61.42085353865736,
    "receivedKBytesPerSec" : 106.60981029822284,
    "sentKBytesPerSec" : 488.4877257996343
  }
}