{
  "Total" : {
    "transaction" : "Total",
    "sampleCount" : 86864,
    "errorCount" : 364,
    "errorPct" : 0.41904587,
    "meanResTime" : 3289.5324415177897,
    "medianResTime" : 3341.0,
    "minResTime" : 114.0,
    "maxResTime" : 35217.0,
    "pct1ResTime" : 4249.9000000000015,
    "pct2ResTime" : 4839.950000000001,
    "pct3ResTime" : 6950.880000000019,
    "throughput" : 143.50830760182325,
    "receivedKBytesPerSec" : 248.88029984437188,
    "sentKBytesPerSec" : 1141.3157566829648
  },
  "token-gen-1" : {
    "transaction" : "token-gen-1",
    "sampleCount" : 1,
    "errorCount" : 0,
    "errorPct" : 0.0,
    "meanResTime" : 1602.0,
    "medianResTime" : 1602.0,
    "minResTime" : 1602.0,
    "maxResTime" : 1602.0,
    "pct1ResTime" : 1602.0,
    "pct2ResTime" : 1602.0,
    "pct3ResTime" : 1602.0,
    "throughput" : 0.6242197253433208,
    "receivedKBytesPerSec" : 0.49925386235955055,
    "sentKBytesPerSec" : 0.46633602528089885
  },
  "token-gen-2" : {
    "transaction" : "token-gen-2",
    "sampleCount" : 1,
    "errorCount" : 0,
    "errorPct" : 0.0,
    "meanResTime" : 380.0,
    "medianResTime" : 380.0,
    "minResTime" : 380.0,
    "maxResTime" : 380.0,
    "pct1ResTime" : 380.0,
    "pct2ResTime" : 380.0,
    "pct3ResTime" : 380.0,
    "throughput" : 2.631578947368421,
    "receivedKBytesPerSec" : 21.263363486842106,
    "sentKBytesPerSec" : 2.0584909539473686
  },
  "transaction" : {
    "transaction" : "transaction",
    "sampleCount" : 86862,
    "errorCount" : 364,
    "errorPct" : 0.41905552,
    "meanResTime" : 3289.5853652920623,
    "medianResTime" : 3341.0,
    "minResTime" : 114.0,
    "maxResTime" : 35217.0,
    "pct1ResTime" : 4249.9000000000015,
    "pct2ResTime" : 4839.950000000001,
    "pct3ResTime" : 6950.880000000019,
    "throughput" : 144.0882225602524,
    "receivedKBytesPerSec" : 249.8770449982292,
    "sentKBytesPerSec" : 1145.9516450495073
  }
}