{
  "Total" : {
    "transaction" : "Total",
    "sampleCount" : 32633,
    "errorCount" : 356,
    "errorPct" : 1.0909202,
    "meanResTime" : 6955.461036374238,
    "medianResTime" : 2880.0,
    "minResTime" : 174.0,
    "maxResTime" : 157263.0,
    "pct1ResTime" : 10991.200000000026,
    "pct2ResTime" : 17711.00000000006,
    "pct3ResTime" : 33730.71000000021,
    "throughput" : 53.57620732398066,
    "receivedKBytesPerSec" : 92.81712263686288,
    "sentKBytesPerSec" : 424.02432412534165
  },
  "token-gen-1" : {
    "transaction" : "token-gen-1",
    "sampleCount" : 1,
    "errorCount" : 0,
    "errorPct" : 0.0,
    "meanResTime" : 1260.0,
    "medianResTime" : 1260.0,
    "minResTime" : 1260.0,
    "maxResTime" : 1260.0,
    "pct1ResTime" : 1260.0,
    "pct2ResTime" : 1260.0,
    "pct3ResTime" : 1260.0,
    "throughput" : 0.7936507936507936,
    "receivedKBytesPerSec" : 0.6339905753968254,
    "sentKBytesPerSec" : 0.5929129464285714
  },
  "token-gen-2" : {
    "transaction" : "token-gen-2",
    "sampleCount" : 1,
    "errorCount" : 0,
    "errorPct" : 0.0,
    "meanResTime" : 174.0,
    "medianResTime" : 174.0,
    "minResTime" : 174.0,
    "maxResTime" : 174.0,
    "pct1ResTime" : 174.0,
    "pct2ResTime" : 174.0,
    "pct3ResTime" : 174.0,
    "throughput" : 5.747126436781609,
    "receivedKBytesPerSec" : 46.43161817528736,
    "sentKBytesPerSec" : 4.495554956896552
  },
  "transaction" : {
    "transaction" : "transaction",
    "sampleCount" : 32631,
    "errorCount" : 356,
    "errorPct" : 1.0909871,
    "meanResTime" : 6955.843400447484,
    "medianResTime" : 2880.0,
    "minResTime" : 364.0,
    "maxResTime" : 157263.0,
    "pct1ResTime" : 10991.200000000026,
    "pct2ResTime" : 17711.00000000006,
    "pct3ResTime" : 33730.71000000021,
    "throughput" : 54.256502516539996,
    "receivedKBytesPerSec" : 93.9866871672464,
    "sentKBytesPerSec" : 429.432238658527
  }
}