{
  "Total" : {
    "transaction" : "Total",
    "sampleCount" : 202,
    "errorCount" : 0,
    "errorPct" : 0.0,
    "meanResTime" : 3474.297029702971,
    "medianResTime" : 3270.5,
    "minResTime" : 173.0,
    "maxResTime" : 8698.0,
    "pct1ResTime" : 5733.700000000001,
    "pct2ResTime" : 6872.599999999998,
    "pct3ResTime" : 8536.289999999999,
    "throughput" : 11.063037406210636,
    "receivedKBytesPerSec" : 19.47129454994797,
    "sentKBytesPerSec" : 87.21972297907881
  },
  "token-gen-1" : {
    "transaction" : "token-gen-1",
    "sampleCount" : 1,
    "errorCount" : 0,
    "errorPct" : 0.0,
    "meanResTime" : 825.0,
    "medianResTime" : 825.0,
    "minResTime" : 825.0,
    "maxResTime" : 825.0,
    "pct1ResTime" : 825.0,
    "pct2ResTime" : 825.0,
    "pct3ResTime" : 825.0,
    "throughput" : 1.2121212121212122,
    "receivedKBytesPerSec" : 0.9682765151515152,
    "sentKBytesPerSec" : 0.9055397727272728
  },
  "token-gen-2" : {
    "transaction" : "token-gen-2",
    "sampleCount" : 1,
    "errorCount" : 0,
    "errorPct" : 0.0,
    "meanResTime" : 173.0,
    "medianResTime" : 173.0,
    "minResTime" : 173.0,
    "maxResTime" : 173.0,
    "pct1ResTime" : 173.0,
    "pct2ResTime" : 173.0,
    "pct3ResTime" : 173.0,
    "throughput" : 5.780346820809248,
    "receivedKBytesPerSec" : 46.700009031791915,
    "sentKBytesPerSec" : 4.521540823699422
  },
  "transaction" : {
    "transaction" : "transaction",
    "sampleCount" : 200,
    "errorCount" : 0,
    "errorPct" : 0.0,
    "meanResTime" : 3504.05,
    "medianResTime" : 3320.5,
    "minResTime" : 291.0,
    "maxResTime" : 8698.0,
    "pct1ResTime" : 5745.900000000001,
    "pct2ResTime" : 6910.199999999995,
    "pct3ResTime" : 8543.430000000004,
    "throughput" : 11.932462263588091,
    "receivedKBytesPerSec" : 20.681846996002626,
    "sentKBytesPerSec" : 94.92366953045762
  }
}