{
  "Total" : {
    "transaction" : "Total",
    "sampleCount" : 300760,
    "errorCount" : 24022,
    "errorPct" : 7.987099,
    "meanResTime" : 3454.253404708121,
    "medianResTime" : 2511.0,
    "minResTime" : 83.0,
    "maxResTime" : 54096.0,
    "pct1ResTime" : 6924.9000000000015,
    "pct2ResTime" : 9248.900000000001,
    "pct3ResTime" : 15221.990000000002,
    "throughput" : 117.57140539579103,
    "receivedKBytesPerSec" : 196.73147258297647,
    "sentKBytesPerSec" : 935.0544633808522
  },
  "token-gen-1" : {
    "transaction" : "token-gen-1",
    "sampleCount" : 1,
    "errorCount" : 0,
    "errorPct" : 0.0,
    "meanResTime" : 1989.0,
    "medianResTime" : 1989.0,
    "minResTime" : 1989.0,
    "maxResTime" : 1989.0,
    "pct1ResTime" : 1989.0,
    "pct2ResTime" : 1989.0,
    "pct3ResTime" : 1989.0,
    "throughput" : 0.5027652086475616,
    "receivedKBytesPerSec" : 0.40162298893916537,
    "sentKBytesPerSec" : 0.3756009615384615
  },
  "token-gen-2" : {
    "transaction" : "token-gen-2",
    "sampleCount" : 1,
    "errorCount" : 0,
    "errorPct" : 0.0,
    "meanResTime" : 425.0,
    "medianResTime" : 425.0,
    "minResTime" : 425.0,
    "maxResTime" : 425.0,
    "pct1ResTime" : 425.0,
    "pct2ResTime" : 425.0,
    "pct3ResTime" : 425.0,
    "throughput" : 2.352941176470588,
    "receivedKBytesPerSec" : 19.00965073529412,
    "sentKBytesPerSec" : 1.8405330882352942
  },
  "transaction" : {
    "transaction" : "transaction",
    "sampleCount" : 300758,
    "errorCount" : 24022,
    "errorPct" : 7.9871526,
    "meanResTime" : 3454.2683486390997,
    "medianResTime" : 2511.0,
    "minResTime" : 83.0,
    "maxResTime" : 54096.0,
    "pct1ResTime" : 6924.9000000000015,
    "pct2ResTime" : 9248.900000000001,
    "pct3ResTime" : 15221.990000000002,
    "throughput" : 117.70613190563408,
    "receivedKBytesPerSec" : 196.95474480744357,
    "sentKBytesPerSec" : 936.1315803119961
  }
}