{
  "Total" : {
    "transaction" : "Total",
    "sampleCount" : 427407,
    "errorCount" : 33714,
    "errorPct" : 7.888032,
    "meanResTime" : 3455.2073831265257,
    "medianResTime" : 2608.5,
    "minResTime" : 74.0,
    "maxResTime" : 60085.0,
    "pct1ResTime" : 6124.500000000007,
    "pct2ResTime" : 8422.95,
    "pct3ResTime" : 16745.62000000006,
    "throughput" : 118.47842267164191,
    "receivedKBytesPerSec" : 198.18453635326046,
    "sentKBytesPerSec" : 942.2697199785542
  },
  "token-gen-1" : {
    "transaction" : "token-gen-1",
    "sampleCount" : 1,
    "errorCount" : 0,
    "errorPct" : 0.0,
    "meanResTime" : 1133.0,
    "medianResTime" : 1133.0,
    "minResTime" : 1133.0,
    "maxResTime" : 1133.0,
    "pct1ResTime" : 1133.0,
    "pct2ResTime" : 1133.0,
    "pct3ResTime" : 1133.0,
    "throughput" : 0.88261253309797,
    "receivedKBytesPerSec" : 0.7050557149161518,
    "sentKBytesPerSec" : 0.6593736209179171
  },
  "token-gen-2" : {
    "transaction" : "token-gen-2",
    "sampleCount" : 1,
    "errorCount" : 0,
    "errorPct" : 0.0,
    "meanResTime" : 301.0,
    "medianResTime" : 301.0,
    "minResTime" : 301.0,
    "maxResTime" : 301.0,
    "pct1ResTime" : 301.0,
    "pct2ResTime" : 301.0,
    "pct3ResTime" : 301.0,
    "throughput" : 3.3222591362126246,
    "receivedKBytesPerSec" : 26.840868978405318,
    "sentKBytesPerSec" : 2.598759343853821
  },
  "transaction" : {
    "transaction" : "transaction",
    "sampleCount" : 427405,
    "errorCount" : 33714,
    "errorPct" : 7.8880687,
    "meanResTime" : 3455.2201963009015,
    "medianResTime" : 2608.5,
    "minResTime" : 74.0,
    "maxResTime" : 60085.0,
    "pct1ResTime" : 6124.500000000007,
    "pct2ResTime" : 8422.95,
    "pct3ResTime" : 16745.62000000006,
    "throughput" : 118.54286616877765,
    "receivedKBytesPerSec" : 198.29079963217194,
    "sentKBytesPerSec" : 942.7862324985598
  }
}