{
  "Total" : {
    "transaction" : "Total",
    "sampleCount" : 7485,
    "errorCount" : 1640,
    "errorPct" : 21.910488,
    "meanResTime" : 2014.2931195724732,
    "medianResTime" : 1437.0,
    "minResTime" : 0.0,
    "maxResTime" : 27781.0,
    "pct1ResTime" : 4777.400000000003,
    "pct2ResTime" : 7142.099999999999,
    "pct3ResTime" : 12220.14,
    "throughput" : 42.706758337374836,
    "receivedKBytesPerSec" : 79.58448077732292,
    "sentKBytesPerSec" : 266.35054194719424
  },
  "token-gen-1" : {
    "transaction" : "token-gen-1",
    "sampleCount" : 1,
    "errorCount" : 0,
    "errorPct" : 0.0,
    "meanResTime" : 1185.0,
    "medianResTime" : 1185.0,
    "minResTime" : 1185.0,
    "maxResTime" : 1185.0,
    "pct1ResTime" : 1185.0,
    "pct2ResTime" : 1185.0,
    "pct3ResTime" : 1185.0,
    "throughput" : 0.8438818565400844,
    "receivedKBytesPerSec" : 0.6741165611814346,
    "sentKBytesPerSec" : 0.630439082278481
  },
  "token-gen-2" : {
    "transaction" : "token-gen-2",
    "sampleCount" : 1,
    "errorCount" : 0,
    "errorPct" : 0.0,
    "meanResTime" : 2145.0,
    "medianResTime" : 2145.0,
    "minResTime" : 2145.0,
    "maxResTime" : 2145.0,
    "pct1ResTime" : 2145.0,
    "pct2ResTime" : 2145.0,
    "pct3ResTime" : 2145.0,
    "throughput" : 0.4662004662004662,
    "receivedKBytesPerSec" : 3.766480914918415,
    "sentKBytesPerSec" : 0.3646743881118881
  },
  "transaction" : {
    "transaction" : "transaction",
    "sampleCount" : 7483,
    "errorCount" : 1640,
    "errorPct" : 21.916344,
    "meanResTime" : 2014.386476012289,
    "medianResTime" : 1437.0,
    "minResTime" : 0.0,
    "maxResTime" : 27781.0,
    "pct1ResTime" : 4778.600000000002,
    "pct2ResTime" : 7142.399999999998,
    "pct3ResTime" : 12220.16,
    "throughput" : 45.19129148171634,
    "receivedKBytesPerSec" : 84.18332635051483,
    "sentKBytesPerSec" : 281.91199950176645
  }
}