{
  "Total" : {
    "transaction" : "Total",
    "sampleCount" : 76307,
    "errorCount" : 11,
    "errorPct" : 0.014415453,
    "meanResTime" : 2247.0425124824665,
    "medianResTime" : 2036.0,
    "minResTime" : 124.0,
    "maxResTime" : 145103.0,
    "pct1ResTime" : 3652.800000000003,
    "pct2ResTime" : 4906.9000000000015,
    "pct3ResTime" : 8589.960000000006,
    "throughput" : 124.25340810650617,
    "receivedKBytesPerSec" : 215.8579454994024,
    "sentKBytesPerSec" : 988.0370219155659
  },
  "token-gen-1" : {
    "transaction" : "token-gen-1",
    "sampleCount" : 1,
    "errorCount" : 0,
    "errorPct" : 0.0,
    "meanResTime" : 2215.0,
    "medianResTime" : 2215.0,
    "minResTime" : 2215.0,
    "maxResTime" : 2215.0,
    "pct1ResTime" : 2215.0,
    "pct2ResTime" : 2215.0,
    "pct3ResTime" : 2215.0,
    "throughput" : 0.45146726862302483,
    "receivedKBytesPerSec" : 0.3606447516930023,
    "sentKBytesPerSec" : 0.3372777934537246
  },
  "token-gen-2" : {
    "transaction" : "token-gen-2",
    "sampleCount" : 1,
    "errorCount" : 0,
    "errorPct" : 0.0,
    "meanResTime" : 1257.0,
    "medianResTime" : 1257.0,
    "minResTime" : 1257.0,
    "maxResTime" : 1257.0,
    "pct1ResTime" : 1257.0,
    "pct2ResTime" : 1257.0,
    "pct3ResTime" : 1257.0,
    "throughput" : 0.7955449482895784,
    "receivedKBytesPerSec" : 6.4280653341288785,
    "sentKBytesPerSec" : 0.6222963902147972
  },
  "transaction" : {
    "transaction" : "transaction",
    "sampleCount" : 76305,
    "errorCount" : 11,
    "errorPct" : 0.014415831,
    "meanResTime" : 2247.05590721449,
    "medianResTime" : 2036.0,
    "minResTime" : 124.0,
    "maxResTime" : 145103.0,
    "pct1ResTime" : 3652.800000000003,
    "pct2ResTime" : 4906.9000000000015,
    "pct3ResTime" : 8589.960000000006,
    "throughput" : 125.12195721863753,
    "receivedKBytesPerSec" : 217.35796147484197,
    "sentKBytesPerSec" : 994.9671125449909
  }
}