{
  "Total" : {
    "transaction" : "Total",
    "sampleCount" : 85254,
    "errorCount" : 1,
    "errorPct" : 0.0011729655,
    "meanResTime" : 2679.3583761465397,
    "medianResTime" : 2694.0,
    "minResTime" : 107.0,
    "maxResTime" : 14776.0,
    "pct1ResTime" : 3595.0,
    "pct2ResTime" : 4296.0,
    "pct3ResTime" : 7048.900000000016,
    "throughput" : 141.0303916573478,
    "receivedKBytesPerSec" : 245.0375466107355,
    "sentKBytesPerSec" : 1121.6085507501555
  },
  "token-gen-1" : {
    "transaction" : "token-gen-1",
    "sampleCount" : 1,
    "errorCount" : 0,
    "errorPct" : 0.0,
    "meanResTime" : 1390.0,
    "medianResTime" : 1390.0,
    "minResTime" : 1390.0,
    "maxResTime" : 1390.0,
    "pct1ResTime" : 1390.0,
    "pct2ResTime" : 1390.0,
    "pct3ResTime" : 1390.0,
    "throughput" : 0.7194244604316546,
    "receivedKBytesPerSec" : 0.5746964928057554,
    "sentKBytesPerSec" : 0.5374606564748202
  },
  "token-gen-2" : {
    "transaction" : "token-gen-2",
    "sampleCount" : 1,
    "errorCount" : 0,
    "errorPct" : 0.0,
    "meanResTime" : 371.0,
    "medianResTime" : 371.0,
    "minResTime" : 371.0,
    "maxResTime" : 371.0,
    "pct1ResTime" : 371.0,
    "pct2ResTime" : 371.0,
    "pct3ResTime" : 371.0,
    "throughput" : 2.6954177897574128,
    "receivedKBytesPerSec" : 21.779186320754718,
    "sentKBytesPerSec" : 2.1084273921832883
  },
  "transaction" : {
    "transaction" : "transaction",
    "sampleCount" : 85252,
    "errorCount" : 1,
    "errorPct" : 0.001172993,
    "meanResTime" : 2679.400577112539,
    "medianResTime" : 2694.0,
    "minResTime" : 107.0,
    "maxResTime" : 14776.0,
    "pct1ResTime" : 3595.0,
    "pct2ResTime" : 4296.0,
    "pct3ResTime" : 7048.900000000016,
    "throughput" : 141.55324684812732,
    "receivedKBytesPerSec" : 245.93702451314715,
    "sentKBytesPerSec" : 1125.7906663390127
  }
}