{
  "Total" : {
    "transaction" : "Total",
    "sampleCount" : 83330,
    "errorCount" : 63,
    "errorPct" : 0.07560302,
    "meanResTime" : 2741.786403456139,
    "medianResTime" : 2721.0,
    "minResTime" : 118.0,
    "maxResTime" : 15799.0,
    "pct1ResTime" : 3710.0,
    "pct2ResTime" : 4628.950000000001,
    "pct3ResTime" : 7525.870000000021,
    "throughput" : 137.64635145492508,
    "receivedKBytesPerSec" : 239.05602885712892,
    "sentKBytesPerSec" : 1094.6948907433116
  },
  "token-gen-1" : {
    "transaction" : "token-gen-1",
    "sampleCount" : 1,
    "errorCount" : 0,
    "errorPct" : 0.0,
    "meanResTime" : 1998.0,
    "medianResTime" : 1998.0,
    "minResTime" : 1998.0,
    "maxResTime" : 1998.0,
    "pct1ResTime" : 1998.0,
    "pct2ResTime" : 1998.0,
    "pct3ResTime" : 1998.0,
    "throughput" : 0.5005005005005005,
    "receivedKBytesPerSec" : 0.3998138763763764,
    "sentKBytesPerSec" : 0.3739090653153153
  },
  "token-gen-2" : {
    "transaction" : "token-gen-2",
    "sampleCount" : 1,
    "errorCount" : 0,
    "errorPct" : 0.0,
    "meanResTime" : 225.0,
    "medianResTime" : 225.0,
    "minResTime" : 225.0,
    "maxResTime" : 225.0,
    "pct1ResTime" : 225.0,
    "pct2ResTime" : 225.0,
    "pct3ResTime" : 225.0,
    "throughput" : 4.444444444444445,
    "receivedKBytesPerSec" : 35.911458333333336,
    "sentKBytesPerSec" : 3.4765625
  },
  "transaction" : {
    "transaction" : "transaction",
    "sampleCount" : 83328,
    "errorCount" : 63,
    "errorPct" : 0.07560484,
    "meanResTime" : 2741.8255328340983,
    "medianResTime" : 2721.0,
    "minResTime" : 118.0,
    "maxResTime" : 15799.0,
    "pct1ResTime" : 3710.0,
    "pct2ResTime" : 4628.950000000001,
    "pct3ResTime" : 7525.870000000021,
    "throughput" : 138.3025867005253,
    "receivedKBytesPerSec" : 240.1867677705994,
    "sentKBytesPerSec" : 1099.9377598526153
  }
}