{
  "Total" : {
    "transaction" : "Total",
    "sampleCount" : 78160,
    "errorCount" : 930,
    "errorPct" : 1.1898669,
    "meanResTime" : 3657.504874616145,
    "medianResTime" : 3546.0,
    "minResTime" : 117.0,
    "maxResTime" : 37708.0,
    "pct1ResTime" : 5373.0,
    "pct2ResTime" : 6686.600000000006,
    "pct3ResTime" : 9642.980000000003,
    "throughput" : 128.82893574376624,
    "receivedKBytesPerSec" : 222.72045051444627,
    "sentKBytesPerSec" : 1024.5689324585542
  },
  "token-gen-1" : {
    "transaction" : "token-gen-1",
    "sampleCount" : 1,
    "errorCount" : 0,
    "errorPct" : 0.0,
    "meanResTime" : 1394.0,
    "medianResTime" : 1394.0,
    "minResTime" : 1394.0,
    "maxResTime" : 1394.0,
    "pct1ResTime" : 1394.0,
    "pct2ResTime" : 1394.0,
    "pct3ResTime" : 1394.0,
    "throughput" : 0.7173601147776184,
    "receivedKBytesPerSec" : 0.5730474354375897,
    "sentKBytesPerSec" : 0.5359184451219513
  },
  "token-gen-2" : {
    "transaction" : "token-gen-2",
    "sampleCount" : 1,
    "errorCount" : 0,
    "errorPct" : 0.0,
    "meanResTime" : 254.0,
    "medianResTime" : 254.0,
    "minResTime" : 254.0,
    "maxResTime" : 254.0,
    "pct1ResTime" : 254.0,
    "pct2ResTime" : 254.0,
    "pct3ResTime" : 254.0,
    "throughput" : 3.937007874015748,
    "receivedKBytesPerSec" : 31.8113312007874,
    "sentKBytesPerSec" : 3.0796321358267718
  },
  "transaction" : {
    "transaction" : "transaction",
    "sampleCount" : 78158,
    "errorCount" : 930,
    "errorPct" : 1.1898974,
    "meanResTime" : 3657.577381713962,
    "medianResTime" : 3546.0,
    "minResTime" : 117.0,
    "maxResTime" : 37708.0,
    "pct1ResTime" : 5373.0,
    "pct2ResTime" : 6686.600000000006,
    "pct3ResTime" : 9642.980000000003,
    "throughput" : 129.3561157747001,
    "receivedKBytesPerSec" : 223.62287083100938,
    "sentKBytesPerSec" : 1028.7853582706618
  }
}