{
  "Total" : {
    "transaction" : "Total",
    "sampleCount" : 18171,
    "errorCount" : 34,
    "errorPct" : 0.18711133,
    "meanResTime" : 473.3226569809034,
    "medianResTime" : 399.0,
    "minResTime" : 75.0,
    "maxResTime" : 66150.0,
    "pct1ResTime" : 547.0,
    "pct2ResTime" : 667.3999999999978,
    "pct3ResTime" : 1373.2799999999988,
    "throughput" : 14.558183059277468,
    "receivedKBytesPerSec" : 25.208216453326646,
    "sentKBytesPerSec" : 115.72985432252894
  },
  "token-gen-1" : {
    "transaction" : "token-gen-1",
    "sampleCount" : 1,
    "errorCount" : 0,
    "errorPct" : 0.0,
    "meanResTime" : 1137.0,
    "medianResTime" : 1137.0,
    "minResTime" : 1137.0,
    "maxResTime" : 1137.0,
    "pct1ResTime" : 1137.0,
    "pct2ResTime" : 1137.0,
    "pct3ResTime" : 1137.0,
    "throughput" : 0.8795074758135445,
    "receivedKBytesPerSec" : 0.7025753078276166,
    "sentKBytesPerSec" : 0.6570539248021108
  },
  "token-gen-2" : {
    "transaction" : "token-gen-2",
    "sampleCount" : 1,
    "errorCount" : 0,
    "errorPct" : 0.0,
    "meanResTime" : 348.0,
    "medianResTime" : 348.0,
    "minResTime" : 348.0,
    "maxResTime" : 348.0,
    "pct1ResTime" : 348.0,
    "pct2ResTime" : 348.0,
    "pct3ResTime" : 348.0,
    "throughput" : 2.8735632183908044,
    "receivedKBytesPerSec" : 23.21861530172414,
    "sentKBytesPerSec" : 2.247777478448276
  },
  "transaction" : {
    "transaction" : "transaction",
    "sampleCount" : 18169,
    "errorCount" : 34,
    "errorPct" : 0.18713193,
    "meanResTime" : 473.29302658374246,
    "medianResTime" : 399.0,
    "minResTime" : 75.0,
    "maxResTime" : 66150.0,
    "pct1ResTime" : 547.0,
    "pct2ResTime" : 667.0,
    "pct3ResTime" : 1373.2999999999993,
    "throughput" : 15.129901979153395,
    "receivedKBytesPerSec" : 26.193666221987947,
    "sentKBytesPerSec" : 120.28668336605969
  }
}