{
  "Total" : {
    "transaction" : "Total",
    "sampleCount" : 339194,
    "errorCount" : 24339,
    "errorPct" : 7.1755395,
    "meanResTime" : 4356.887132437543,
    "medianResTime" : 4692.0,
    "minResTime" : 74.0,
    "maxResTime" : 62519.0,
    "pct1ResTime" : 17181.9,
    "pct2ResTime" : 22598.600000000006,
    "pct3ResTime" : 36065.70000000005,
    "throughput" : 93.91985548491135,
    "receivedKBytesPerSec" : 156.25233518843558,
    "sentKBytesPerSec" : 746.9523698007089
  },
  "token-gen-1" : {
    "transaction" : "token-gen-1",
    "sampleCount" : 1,
    "errorCount" : 0,
    "errorPct" : 0.0,
    "meanResTime" : 2134.0,
    "medianResTime" : 2134.0,
    "minResTime" : 2134.0,
    "maxResTime" : 2134.0,
    "pct1ResTime" : 2134.0,
    "pct2ResTime" : 2134.0,
    "pct3ResTime" : 2134.0,
    "throughput" : 0.46860356138706655,
    "receivedKBytesPerSec" : 0.37433370431115276,
    "sentKBytesPerSec" : 0.35007980904404873
  },
  "token-gen-2" : {
    "transaction" : "token-gen-2",
    "sampleCount" : 1,
    "errorCount" : 0,
    "errorPct" : 0.0,
    "meanResTime" : 174.0,
    "medianResTime" : 174.0,
    "minResTime" : 174.0,
    "maxResTime" : 174.0,
    "pct1ResTime" : 174.0,
    "pct2ResTime" : 174.0,
    "pct3ResTime" : 174.0,
    "throughput" : 5.747126436781609,
    "receivedKBytesPerSec" : 46.43161817528736,
    "sentKBytesPerSec" : 4.495554956896552
  },
  "transaction" : {
    "transaction" : "transaction",
    "sampleCount" : 339192,
    "errorCount" : 24339,
    "errorPct" : 7.175582,
    "meanResTime" : 4356.90601783058,
    "medianResTime" : 4692.0,
    "minResTime" : 74.0,
    "maxResTime" : 62519.0,
    "pct1ResTime" : 17181.9,
    "pct2ResTime" : 22598.600000000006,
    "pct3ResTime" : 36065.70000000005,
    "throughput" : 93.99480411514081,
    "receivedKBytesPerSec" : 156.37548738482454,
    "sentKBytesPerSec" : 747.5524264782292
  }
}